"","V1","V2","V3"
"tempholder","V7118","V8536","V7562"
"tempholder","V7118","V8502","V7553"
"tempholder","V7118","V7563","V8536"
"tempholder","V7118","V8526","V7563"
"tempholder","V7118","V8529","V7553"
"tempholder","V7118","V7551","V8528"
"tempholder","V7118","V8502","V7562"
"tempholder","V7118","V7553","V8526"
"tempholder","V7118","V7562","V8509"
"tempholder","V7118","V8527","V7551"
"tempholder","V7118","V7551","V8514"
"tempholder","V7118","V8505","V7563"
"tempholder","V7118","V7563","V8527"
"tempholder","V7118","V8536","V7563"
"tempholder","V7118","V7562","V8527"
"tempholder","V7118","V8565","V7553"
"tempholder","V7118","V7553","V8505"
"tempholder","V7118","V7551","V8509"
"tempholder","V7118","V8514","V7551"
"tempholder","V7118","V7563","V8526"
"tempholder","V7118","V7553","V8536"
"tempholder","V7118","V8530","V7551"
"tempholder","V7118","V8565","V7563"
"tempholder","V7118","V7562","V8530"
"tempholder","V7118","V8529","V7562"
"tempholder","V7118","V8531","V7563"
"tempholder","V7118","V7562","V8565"
"tempholder","V7118","V8536","V7553"
"tempholder","V7118","V7551","V8502"
"tempholder","V7118","V8565","V7562"
"tempholder","V7118","V7553","V8502"
"tempholder","V7118","V8526","V7553"
"tempholder","V7118","V7563","V8502"
"tempholder","V7118","V8531","V7562"
"tempholder","V7118","V7551","V8531"
"tempholder","V7118","V8529","V7563"
"tempholder","V7118","V7551","V8565"
"tempholder","V7118","V7553","V8509"
"tempholder","V7118","V8512","V7553"
"tempholder","V7118","V8509","V7563"
"tempholder","V7118","V7562","V8528"
"tempholder","V7118","V7553","V8565"
"tempholder","V7118","V7563","V8512"
"tempholder","V7118","V7551","V8526"
"tempholder","V7118","V7563","V8505"
"tempholder","V7118","V7562","V8526"
"tempholder","V7118","V8528","V7563"
"tempholder","V7118","V8526","V7562"
"tempholder","V7118","V7563","V8531"
"tempholder","V7118","V7562","V8529"
"tempholder","V7118","V8565","V7551"
"tempholder","V7118","V8505","V7553"
"tempholder","V7118","V7562","V8512"
"tempholder","V7118","V7553","V8530"
"tempholder","V7118","V8502","V7563"
"tempholder","V7118","V8530","V7562"
"tempholder","V7118","V8536","V7551"
"tempholder","V7118","V7562","V8502"
"tempholder","V7118","V8509","V7553"
"tempholder","V7118","V8527","V7562"
"tempholder","V7118","V8514","V7553"
"tempholder","V7118","V7563","V8514"
"tempholder","V7118","V7553","V8528"
"tempholder","V7118","V7551","V8529"
"tempholder","V7118","V8512","V7551"
"tempholder","V7118","V7553","V8527"
"tempholder","V7118","V7562","V8505"
"tempholder","V7118","V7551","V8512"
"tempholder","V7118","V8509","V7562"
"tempholder","V7118","V7553","V8514"
"tempholder","V7118","V7563","V8509"
"tempholder","V7118","V8529","V7551"
"tempholder","V7118","V8531","V7553"
"tempholder","V7118","V7563","V8530"
"tempholder","V7118","V8505","V7562"
"tempholder","V7118","V8502","V7551"
"tempholder","V7118","V8512","V7563"
"tempholder","V7118","V7562","V8531"
"tempholder","V7118","V8531","V7551"
